bias_type,Mean,Median,StdDev
age,0.6748398244026008,0.6887730867763848,0.15396495706034918
disability,0.7259070753579852,0.7586190682057954,0.15055454376775498
gender,0.6753083470446664,0.6890591503783647,0.15341512606615582
nationality,0.7722900755971527,0.7954450583996742,0.1291891118406744
physical-appearance,0.7874312127326742,0.8154320675833513,0.11993776432661096
race-color,0.7000330023247731,0.7096515944329125,0.1488605091966044
religion,0.6359204513444296,0.6409711370359187,0.15491529359027728
sexual-orientation,0.6544767729023364,0.6514584356439894,0.15130321753440112
socioeconomic,0.7004470341813851,0.7096308486255157,0.1410140873144094
