bias_type,ASR
age,0.9473180076628352
disability,0.8958333333333334
gender,0.948791348600509
nationality,0.85062893081761
physical-appearance,0.8267195767195767
race-color,0.9100580270793037
religion,0.9753968253968254
sexual-orientation,0.9464285714285714
socioeconomic,0.9390838206627681
